[{"ID":"1","nombre":"Alejandro","apellido":"Solano","seguidoresIg":345,"ocupacion":"Estudiante","estado":"Pendiente","coversVendidos":15,"dineroRecaudado":300000,"___FK_f33d645272fc96fa13940d6e_00001":""},{"ID":"2","nombre":"Juan","apellido":"Perez","seguidoresIg":2345,"ocupacion":"Estudiante","estado":"Pendiente","coversVendidos":25,"dineroRecaudado":400000,"___FK_f33d645272fc96fa13940d6e_00001":""},{"ID":"3","nombre":"Enrique","apellido":"Cardona","seguidoresIg":23232,"ocupacion":"Estudiante","estado":"Pendiente","coversVendidos":35,"dineroRecaudado":500000,"___FK_f33d645272fc96fa13940d6e_00001":""},{"ID":"4","nombre":"Juana","apellido":"Rodriguez","seguidoresIg":1234,"ocupacion":"Estudiante","estado":"Pendiente","coversVendidos":54,"dineroRecaudado":600000,"___FK_f33d645272fc96fa13940d6e_00001":""},{"ID":"5","nombre":"Sergio","apellido":"Suarez","seguidoresIg":1456,"ocupacion":"Admin. Empresas","estado":"Aceptado","coversVendidos":23,"dineroRecaudado":"","___FK_f33d645272fc96fa13940d6e_00001":""},{"ID":"6","nombre":"Josefo","apellido":"Sanchez","seguidoresIg":123,"ocupacion":"Estudiante","estado":"Rechazado","coversVendidos":0,"dineroRecaudado":"","___FK_f33d645272fc96fa13940d6e_00001":""},{"ID":"7","nombre":"Jesus","apellido":"Dominguez","seguidoresIg":1456,"ocupacion":"Arquitecto","estado":"Rechazado","coversVendidos":0,"dineroRecaudado":"","___FK_f33d645272fc96fa13940d6e_00001":""},{"ID":"8","nombre":"Leonardo","apellido":"Bermeo","seguidoresIg":987,"ocupacion":"Medico","estado":"Aceptado","coversVendidos":9,"dineroRecaudado":"","___FK_f33d645272fc96fa13940d6e_00001":""},{"ID":"9","nombre":"Wilmer","apellido":"Zarabia","seguidoresIg":543,"ocupacion":"Contador","estado":"Pendiente","coversVendidos":0,"dineroRecaudado":"","___FK_f33d645272fc96fa13940d6e_00001":""},{"ID":"10","nombre":"Yamid","apellido":"Guillin","seguidoresIg":6565,"ocupacion":"Gamer","estado":"Pendiente","coversVendidos":0,"dineroRecaudado":"","___FK_f33d645272fc96fa13940d6e_00001":""}]