{"static":{},"combined":{"UsuarioSet":[{"ID":"1","nombre":"Alejandro","apellido":"Solano","seguidoresIg":345,"ocupacion":"Estudiante","estado":"Pendiente","coversVendidos":15,"dineroRecaudado":300000,"___FK_b4854807f41657821397f287_00015":null},{"ID":"2","nombre":"Juan","apellido":"Perez","seguidoresIg":2345,"ocupacion":"Estudiante","estado":"Pendiente","coversVendidos":25,"dineroRecaudado":400000,"___FK_b4854807f41657821397f287_00015":null},{"ID":"3","nombre":"Enrique","apellido":"Cardona","seguidoresIg":23232,"ocupacion":"Estudiante","estado":"Pendiente","coversVendidos":35,"dineroRecaudado":500000,"___FK_b4854807f41657821397f287_00015":null},{"ID":"4","nombre":"Juana","apellido":"Rodriguez","seguidoresIg":1234,"ocupacion":"Estudiante","estado":"Pendiente","coversVendidos":54,"dineroRecaudado":600000,"___FK_b4854807f41657821397f287_00015":null},{"ID":"5","nombre":"Sergio","apellido":"Suarez","seguidoresIg":1456,"ocupacion":"Admin. Empresas","estado":"Aceptado","coversVendidos":23,"dineroRecaudado":null,"___FK_b4854807f41657821397f287_00015":null},{"ID":"6","nombre":"Josefo","apellido":"Sanchez","seguidoresIg":123,"ocupacion":"Estudiante","estado":"Rechazado","coversVendidos":0,"dineroRecaudado":null,"___FK_b4854807f41657821397f287_00015":null}],"DiscotecaSet":[{"ID":"1","nombre":"Cangri","___FK_b4854807f41657821397f287_00013":null,"descripcion":"🔥La Musica Urbana tiene nueva casa , los mejores hits del #perreo #champeta","direccion":"Cr13#82-39 Zona T","preciocover":"$20.000","horario":"9:00 PM - 3:00 AM","comision":"$5.000"},{"ID":"2","nombre":"TierraBomba","___FK_b4854807f41657821397f287_00013":null,"descripcion":"Hacemos parte de las mejores 100 discotecas del 🌎.","direccion":"Calle 85 N 14- 46 / Carrera 14 N 85-33","preciocover":"$25.000","horario":"9:00 PM - 3:00 AM","comision":"$6.000"},{"ID":"3","nombre":"LatinoGang","___FK_b4854807f41657821397f287_00013":null,"descripcion":null,"direccion":null,"preciocover":null,"horario":null,"comision":null},{"ID":"4","nombre":"La Casa En El Aire","___FK_b4854807f41657821397f287_00013":null,"descripcion":null,"direccion":null,"preciocover":null,"horario":null,"comision":null},{"ID":"5","nombre":"Armandro Records","___FK_b4854807f41657821397f287_00013":null,"descripcion":"Hacemos parte de las mejores 100 discotecas del 🌎.","direccion":"Calle 85 N 14- 46 / Carrera 14 N 85-33","preciocover":"$25.000","horario":"9:00 PM - 3:00 AM","comision":"$6.000"},{"ID":"6","nombre":"Colombian Pub","___FK_b4854807f41657821397f287_00013":null,"descripcion":null,"direccion":null,"preciocover":null,"horario":null,"comision":null}]}}