[{"ID":"1","nombre":"Cangri","___FK_b4854807f41657821397f287_00013":"","descripcion":"🔥La Musica Urbana tiene nueva casa , los mejores hits del #perreo #champeta","direccion":"Cr13#82-39 Zona T","preciocover":"$20.000","horario":"9:00 PM - 3:00 AM","comision":"$5.000"},{"ID":"2","nombre":"TierraBomba","___FK_b4854807f41657821397f287_00013":"","descripcion":"Hacemos parte de las mejores 100 discotecas del 🌎.","direccion":"Calle 85 N 14- 46 / Carrera 14 N 85-33","preciocover":"$25.000","horario":"9:00 PM - 3:00 AM","comision":"$6.000"},{"ID":"3","nombre":"LatinoGang","___FK_b4854807f41657821397f287_00013":"","descripcion":"","direccion":"","preciocover":"","horario":"","comision":""},{"ID":"4","nombre":"La Casa En El Aire","___FK_b4854807f41657821397f287_00013":"","descripcion":"","direccion":"","preciocover":"","horario":"","comision":""},{"ID":"5","nombre":"Armandro Records","___FK_b4854807f41657821397f287_00013":"","descripcion":"Hacemos parte de las mejores 100 discotecas del 🌎.","direccion":"Calle 85 N 14- 46 / Carrera 14 N 85-33","preciocover":"$25.000","horario":"9:00 PM - 3:00 AM","comision":"$6.000"},{"ID":"6","nombre":"Colombian Pub","___FK_b4854807f41657821397f287_00013":"","descripcion":"","direccion":"","preciocover":"","horario":"","comision":""}]