<edmx:Edmx Version="1.0" xmlns:edmx="http://schemas.microsoft.com/ado/2007/06/edmx" xmlns:m="http://schemas.microsoft.com/ado/2007/08/dataservices/metadata" xmlns:sap="http://www.sap.com/Protocols/SAPData">
    <edmx:DataServices m:DataServiceVersion="2.0">
        <Schema Namespace="01a5f85aedfbc5f8138021af" xml:lang="en" sap:schema-version="0000" xmlns="http://schemas.microsoft.com/ado/2008/09/edm">
            <EntityContainer Name="01a5f85aedfbc5f8138021af_Entities" m:IsDefaultEntityContainer="true">
                <EntitySet Name="UsuarioSet" EntityType="01a5f85aedfbc5f8138021af.Usuario" sap:creatable="true" sap:updatable="true" sap:deletable="true"/>
                <AssociationSet Name="UsuarioDiscotecaDiscoteca" Association="01a5f85aedfbc5f8138021af.UsuarioDiscotecaDiscoteca" sap:creatable="true" sap:updatable="true" sap:deletable="true">
                    <End EntitySet="UsuarioSet" Role="FromRole_UsuarioDiscotecaDiscoteca"/>
                    <End EntitySet="DiscotecaSet" Role="ToRole_UsuarioDiscotecaDiscoteca"/>
                </AssociationSet>
                <EntitySet Name="DiscotecaSet" EntityType="01a5f85aedfbc5f8138021af.Discoteca" sap:creatable="true" sap:updatable="true" sap:deletable="true"/>
                <AssociationSet Name="DiscotecaUsuarioUsuario" Association="01a5f85aedfbc5f8138021af.DiscotecaUsuarioUsuario" sap:creatable="true" sap:updatable="true" sap:deletable="true">
                    <End EntitySet="DiscotecaSet" Role="FromRole_DiscotecaUsuarioUsuario"/>
                    <End EntitySet="UsuarioSet" Role="ToRole_DiscotecaUsuarioUsuario"/>
                </AssociationSet>
            </EntityContainer>
            <EntityType Name="Usuario">
                <Key>
                    <PropertyRef Name="ID"/>
                </Key>
                <Property Name="ID" Type="Edm.String" sap:creatable="true" sap:updatable="true" sap:deletable="true" sap:label="ID"/>
                <Property Name="nombre" Type="Edm.String" sap:creatable="true" sap:updatable="true" sap:deletable="true" sap:label="nombre"/>
                <Property Name="apellido" Type="Edm.String" sap:creatable="true" sap:updatable="true" sap:deletable="true" sap:label="apellido"/>
                <Property Name="seguidoresIg" Type="Edm.Decimal" sap:creatable="true" sap:updatable="true" sap:deletable="true" sap:label="seguidoresIg"/>
                <Property Name="ocupacion" Type="Edm.String" sap:creatable="true" sap:updatable="true" sap:deletable="true" sap:label="ocupacion"/>
                <Property Name="estado" Type="Edm.String" sap:creatable="true" sap:updatable="true" sap:deletable="true" sap:label="estado"/>
                <Property Name="coversVendidos" Type="Edm.Decimal" sap:creatable="true" sap:updatable="true" sap:deletable="true" sap:label="coversVendidos"/>
                <Property Name="dineroRecaudado" Type="Edm.Double" sap:creatable="true" sap:updatable="true" sap:deletable="true" sap:label="dineroRecaudado"/>
                <Property Name="___FK_b4854807f41657821397f287_00015" Type="Edm.String" sap:creatable="true" sap:updatable="true" sap:deletable="true" sap:label="___FK_b4854807f41657821397f287_00015"/>
                <NavigationProperty Name="Discoteca" Relationship="01a5f85aedfbc5f8138021af.UsuarioDiscotecaDiscoteca" FromRole="FromRole_UsuarioDiscotecaDiscoteca" ToRole="ToRole_UsuarioDiscotecaDiscoteca"/>
            </EntityType>
            <Association Name="UsuarioDiscotecaDiscoteca">
                <End Type="01a5f85aedfbc5f8138021af.Usuario" Multiplicity="1" Role="FromRole_UsuarioDiscotecaDiscoteca"/>
                <End Type="01a5f85aedfbc5f8138021af.Discoteca" Multiplicity="*" Role="ToRole_UsuarioDiscotecaDiscoteca"/>
                <ReferentialConstraint>
                    <Principal Role="FromRole_UsuarioDiscotecaDiscoteca">
                        <PropertyRef Name="ID"/>
                    </Principal>
                    <Dependent Role="ToRole_UsuarioDiscotecaDiscoteca">
                        <PropertyRef Name="___FK_b4854807f41657821397f287_00013"/>
                    </Dependent>
                </ReferentialConstraint>
            </Association>
            <EntityType Name="Discoteca">
                <Key>
                    <PropertyRef Name="ID"/>
                </Key>
                <Property Name="ID" Type="Edm.String" sap:creatable="true" sap:updatable="true" sap:deletable="true" sap:label="ID"/>
                <Property Name="nombre" Type="Edm.String" sap:creatable="true" sap:updatable="true" sap:deletable="true" sap:label="nombre"/>
                <Property Name="___FK_b4854807f41657821397f287_00013" Type="Edm.String" sap:creatable="true" sap:updatable="true" sap:deletable="true" sap:label="___FK_b4854807f41657821397f287_00013"/>
                <Property Name="descripcion" Type="Edm.String" sap:creatable="true" sap:updatable="true" sap:deletable="true" sap:label="descripcion"/>
                <Property Name="direccion" Type="Edm.String" sap:creatable="true" sap:updatable="true" sap:deletable="true" sap:label="direccion"/>
                <Property Name="preciocover" Type="Edm.String" sap:creatable="true" sap:updatable="true" sap:deletable="true" sap:label="preciocover"/>
                <Property Name="horario" Type="Edm.String" sap:creatable="true" sap:updatable="true" sap:deletable="true" sap:label="horario"/>
                <Property Name="comision" Type="Edm.String" sap:creatable="true" sap:updatable="true" sap:deletable="true" sap:label="comision"/>
                <NavigationProperty Name="Usuario" Relationship="01a5f85aedfbc5f8138021af.DiscotecaUsuarioUsuario" FromRole="FromRole_DiscotecaUsuarioUsuario" ToRole="ToRole_DiscotecaUsuarioUsuario"/>
            </EntityType>
            <Association Name="DiscotecaUsuarioUsuario">
                <End Type="01a5f85aedfbc5f8138021af.Discoteca" Multiplicity="1" Role="FromRole_DiscotecaUsuarioUsuario"/>
                <End Type="01a5f85aedfbc5f8138021af.Usuario" Multiplicity="*" Role="ToRole_DiscotecaUsuarioUsuario"/>
                <ReferentialConstraint>
                    <Principal Role="FromRole_DiscotecaUsuarioUsuario">
                        <PropertyRef Name="ID"/>
                    </Principal>
                    <Dependent Role="ToRole_DiscotecaUsuarioUsuario">
                        <PropertyRef Name="___FK_b4854807f41657821397f287_00015"/>
                    </Dependent>
                </ReferentialConstraint>
            </Association>
        </Schema>
    </edmx:DataServices>
</edmx:Edmx>
