[{"ID":"1","nombre":"Alejandro","apellido":"Solano","seguidoresIg":345,"ocupacion":"Estudiante","estado":"Pendiente","coversVendidos":15,"dineroRecaudado":300000,"___FK_b4854807f41657821397f287_00015":""},{"ID":"2","nombre":"Juan","apellido":"Perez","seguidoresIg":2345,"ocupacion":"Estudiante","estado":"Pendiente","coversVendidos":25,"dineroRecaudado":400000,"___FK_b4854807f41657821397f287_00015":""},{"ID":"3","nombre":"Enrique","apellido":"Cardona","seguidoresIg":23232,"ocupacion":"Estudiante","estado":"Pendiente","coversVendidos":35,"dineroRecaudado":500000,"___FK_b4854807f41657821397f287_00015":""},{"ID":"4","nombre":"Juana","apellido":"Rodriguez","seguidoresIg":1234,"ocupacion":"Estudiante","estado":"Pendiente","coversVendidos":54,"dineroRecaudado":600000,"___FK_b4854807f41657821397f287_00015":""},{"ID":"5","nombre":"Sergio","apellido":"Suarez","seguidoresIg":1456,"ocupacion":"Admin. Empresas","estado":"Aceptado","coversVendidos":23,"dineroRecaudado":"","___FK_b4854807f41657821397f287_00015":""},{"ID":"6","nombre":"Josefo","apellido":"Sanchez","seguidoresIg":123,"ocupacion":"Estudiante","estado":"Rechazado","coversVendidos":0,"dineroRecaudado":"","___FK_b4854807f41657821397f287_00015":""}]